,names,prices,ratings,descriptions
0,"vivo T3 Ultra (Lunar Gray, 256 GB)","₹33,999",4.5,12 GB RAM | 256 GB ROM17.22 cm (6.78 inch) Display50MP + 8MP | 50MP Front Camera5500 mAh BatteryDimensity 9200+ Processor1 Year Warranty on Handset and 6 Months Warranty on Accessories
1,"vivo T3 Ultra (Frost Green, 256 GB)","₹33,999",4.5,12 GB RAM | 256 GB ROM17.22 cm (6.78 inch) Display50MP + 8MP | 50MP Front Camera5500 mAh BatteryDimensity 9200+ Processor1 Year Warranty on Handset and 6 Months Warranty on Accessories
2,"vivo V50 5G (Titanium Grey, 256 GB)","₹36,999",4.5,8 GB RAM | 256 GB ROM17.2 cm (6.77 inch) Display50MP + 50MP | 50MP Front Camera6000 mAh Battery7 Gen 3 Processor1 Year Manufacturer Warranty for Device and 6 Months Warranty for Inbox Accessories
3,"vivo T3 Ultra (Lunar Gray, 128 GB)","₹29,999",4.5,8 GB RAM | 128 GB ROM17.22 cm (6.78 inch) Display50MP + 8MP | 50MP Front Camera5500 mAh BatteryDimensity 9200+ Processor1 Year Warranty on Handset and 6 Months Warranty on Accessories
4,"vivo V50 5G (Titanium Grey, 128 GB)","₹34,999",4.5,8 GB RAM | 128 GB ROM17.2 cm (6.77 inch) Display50MP + 50MP | 50MP Front Camera6000 mAh Battery7 Gen 3 Processor1 Year Manufacturer Warranty for Device and 6 Months Warranty for Inbox Accessories
5,"vivo T3 Ultra (Frost Green, 128 GB)","₹29,999",4.5,8 GB RAM | 128 GB ROM17.22 cm (6.78 inch) Display50MP + 8MP | 50MP Front Camera5500 mAh BatteryDimensity 9200+ Processor1 Year Warranty on Handset and 6 Months Warranty on Accessories
6,"Nothing Phone (3a) Pro (Black, 256 GB)","₹33,999",4.3,12 GB RAM | 256 GB ROM17.2 cm (6.77 inch) Full HD+ Display50MP (Main) + 50MP (3X Periscope)+ 8MP (Ultra-Wide) | 50MP Front Camera5000 mAh Battery7s Gen3 Processor1 Year Manufacturing Warranty
7,"Apple iPhone 13 (Blue, 128 GB)","₹44,999",4.6,128 GB ROM15.49 cm (6.1 inch) Super Retina XDR Display12MP + 12MP | 12MP Front CameraA15 Bionic Chip Processor1 year warranty for phone and 1 year warranty for in Box Accessories.
8,"vivo V50 5G (Rose Red, 128 GB)","₹34,999",4.5,8 GB RAM | 128 GB ROM17.2 cm (6.77 inch) Display50MP + 50MP | 50MP Front Camera6000 mAh Battery7 Gen 3 Processor1 Year Manufacturer Warranty for Device and 6 Months Warranty for Inbox Accessories
9,"vivo V50 5G (Rose Red, 256 GB)","₹36,999",4.5,8 GB RAM | 256 GB ROM17.2 cm (6.77 inch) Display50MP + 50MP | 50MP Front Camera6000 mAh Battery7 Gen 3 Processor1 Year Manufacturer Warranty for Device and 6 Months Warranty for Inbox Accessories
10,"Motorola Edge 50 Pro 5G with 125W Charger (Caneel Bay, 256 GB)","₹29,999",4.4,12 GB RAM | 256 GB ROM17.02 cm (6.7 inch) Display50MP + 13MP + 10MP | 50MP Front Camera4500 mAh Battery7 Gen 3 Mobile Platform Processor1 Year on Handset and 6 Months on Accessories
11,"vivo V50 5G (Rose Red, 512 GB)","₹40,999",4.5,12 GB RAM | 512 GB ROM17.2 cm (6.77 inch) Display50MP + 50MP | 50MP Front Camera6000 mAh Battery7 Gen 3 Processor1 Year Manufacturer Warranty for Device and 6 Months Warranty for Inbox Accessories
12,"vivo T3 Ultra (Lunar Gray, 256 GB)","₹31,999",4.5,8 GB RAM | 256 GB ROM17.22 cm (6.78 inch) Display50MP + 8MP | 50MP Front Camera5500 mAh BatteryDimensity 9200+ Processor1 Year Warranty on Handset and 6 Months Warranty on Accessories
13,"vivo V30 Pro 5G (Andaman Blue, 512 GB)","₹39,999",4.5,12 GB RAM | 512 GB ROM17.22 cm (6.78 inch) Full HD+ Display50MP + 50MP + 50MP | 50MP Front Camera5000 mAh BatteryDimensity 8200 5G Processor1 Year Manufacturer Warranty for Device and 6 Months Manufacturer Warranty for Inbox Accessories
14,"OPPO Reno13 5G (Luminous Blue, 256 GB)","₹39,999",4.4,8 GB RAM | 256 GB ROM16.74 cm (6.59 inch) Display50MP + 8MP + 2MP | 50MP Front Camera5600 mAh BatteryDimensity 8350 Processor1 Year Warranty on Handset and 6 Months Warranty on Accessories
15,"vivo T3 Ultra (Frost Green, 256 GB)","₹31,999",4.5,8 GB RAM | 256 GB ROM17.22 cm (6.78 inch) Display50MP + 8MP | 50MP Front Camera5500 mAh BatteryDimensity 9200+ Processor1 Year Warranty on Handset and 6 Months Warranty on Accessories
16,"Apple iPhone 16 (White, 128 GB)","₹74,900",4.6,"128 GB ROM15.49 cm (6.1 inch) Super Retina XDR Display48MP + 12MP | 12MP Front CameraA18 Chip, 6 Core Processor Processor1 year warranty for phone and 1 year warranty for in Box Accessories."
17,"Apple iPhone 13 (Starlight, 128 GB)","₹44,999",4.6,128 GB ROM15.49 cm (6.1 inch) Super Retina XDR Display12MP + 12MP | 12MP Front CameraA15 Bionic Chip Processor1 year warranty for phone and 1 year warranty for in Box Accessories.
18,"vivo V50 5G (Titanium Grey, 512 GB)","₹40,999",4.5,12 GB RAM | 512 GB ROM17.2 cm (6.77 inch) Display50MP + 50MP | 50MP Front Camera6000 mAh Battery7 Gen 3 Processor1 Year Manufacturer Warranty for Device and 6 Months Warranty for Inbox Accessories
19,"realme 14 Pro+ 5G (Bikaner Purple, 256 GB)","₹31,999",4.4,8 GB RAM | 256 GB ROM17.35 cm (6.83 inch) Display50MP + 50MP + 8MP | 32MP Front Camera6000 mAh Battery7s Gen 3 Mobile Platform Processor1 Year Manufacturer Warranty for Device and 6 Months Manufacturer Warranty for Inbox Accessories
20,"vivo V50 5G (Starry Night, 256 GB)","₹36,999",4.5,8 GB RAM | 256 GB ROM17.2 cm (6.77 inch) Display50MP + 50MP | 50MP Front Camera6000 mAh Battery7 Gen 3 Processor1 Year Manufacturer Warranty for Device and 6 Months Warranty for Inbox Accessories
21,"vivo V30 Pro 5G (Classic Black, 256 GB)","₹34,999",4.5,8 GB RAM | 256 GB ROM17.22 cm (6.78 inch) Full HD+ Display50MP + 50MP + 50MP | 50MP Front Camera5000 mAh BatteryDimensity 8200 5G Processor1 Year Manufacturer Warranty for Device and 6 Months Manufacturer Warranty for Inbox Accessories
22,"Google Pixel 7a (Charcoal, 128 GB)","₹31,999",4.1,8 GB RAM | 128 GB ROM15.49 cm (6.1 inch) Full HD+ Display64MP (OIS) + 13MP | 13MP Front Camera4300 mAh BatteryTensor G2 Processor1 Year Domestic Warranty
23,"POCO F6 5G (Titanium, 512 GB)","₹33,999",4.3,12 GB RAM | 512 GB ROM16.94 cm (6.67 inch) Display50MP (OIS) + 8MP | 20MP Front Camera5000 mAh Battery8s Gen3 Processor1 Year Manufacturer Warranty for Phone and 6 Months Warranty for In the Box Accessories
24,"realme GT 6 (Razor Green, 512 GB)","₹39,999",4.5,16 GB RAM | 512 GB ROM17.22 cm (6.78 inch) Full HD+ Display50MP + 8MP + 50MP | 32MP Front Camera5500 mAh Battery8s Gen 3 Mobile Platform Processor1 Year Manufacturer Warranty for Device and 6 Months Manufacturer Warranty for Inbox Accessories
25,"SAMSUNG Galaxy S24 FE 5G (Graphite, 128 GB)","₹44,999",4,8 GB RAM | 128 GB ROM17.02 cm (6.7 inch) Full HD+ Display50MP + 12MP | 10MP Front Camera4700 mAh BatteryExynos 2400e Processor1 Year Manufacturer Warranty for Device and 6 Months for In-Box Accessories
26,"Motorola Edge 50 Ultra 5G (Nordic Wood, 512 GB)","₹49,999",3,12 GB RAM | 512 GB ROM17.02 cm (6.7 inch) Display50MP + 50MP + 64MP | 50MP Front Camera4500 mAh Battery8s Gen 3 Mobile Platform Processor1 Year on Handset and 6 Months on Accessories
27,"OnePlus Nord 4 5G (Mercurial Silver, 256 GB)","₹30,642",4.3,12 GB RAM | 256 GB ROM17.12 cm (6.74 inch) Display50MP Rear Camera5500 mAh Battery1 Year
28,"OnePlus 12R (Cool Blue, 256 GB)","₹36,990",5,"8 GB RAM | 256 GB ROM17.22 cm (6.78 inch) Display50MP Rear Camera5500 mAh Battery1 Year Warranty
1 year manufacturer warranty for device and 1 year manufacturer warranty for in-box accessories including batteries from the date of purchase"
29,"realme 14 Pro+ 5G (Suede Grey, 256 GB)","₹34,999",5,12 GB RAM | 256 GB ROM17.35 cm (6.83 inch) Display50MP + 50MP + 8MP | 32MP Front Camera6000 mAh Battery7s Gen 3 Mobile Platform Processor1 Year Manufacturer Warranty for Device and 6 Months Manufacturer Warranty for Inbox Accessories
30,"realme GT 6 (Fluid Silver, 512 GB)","₹37,999",4.6,16 GB RAM | 512 GB ROM17.22 cm (6.78 inch) Full HD+ Display50MP + 8MP + 50MP | 32MP Front Camera5500 mAh Battery8s Gen 3 Mobile Platform Processor1 Year Manufacturer Warranty for Device and 6 Months Manufacturer Warranty for Inbox Accessories
31,"Cubot KingKong X 5G (Black, 256 GB)","₹58,788",5,16 GB RAM | 256 GB ROM | Expandable Upto 1 TB16.72 cm (6.583 inch) Full HD+ Display100MP + 32MP + 5MP | 32MP + 32MP Dual Front Camera10200 mAh BatteryMediaTek Dimensity 7050 Processor1 Year Manufacturer
32,"vivo X200 Pro 5G (Titanium Grey, 512 GB)","₹94,999",5,16 GB RAM | 512 GB ROM17.22 cm (6.78 inch) Display50MP + 50MP + 200MP | 32MP Front Camera6000 mAh BatteryDimensity 9400 Processor1 Year Warranty on Handset and 6 Months Warranty on Accessories
33,"OnePlus Nord 4 5G (Obsidian Midnight, 256 GB)","₹30,789",4.4,12 GB RAM | 256 GB ROM17.12 cm (6.74 inch) Display50MP Rear Camera5500 mAh Battery1 Year
34,"Google Pixel 8a (Obsidian, 128 GB)","₹37,999",5,8 GB RAM | 128 GB ROM15.49 cm (6.1 inch) Full HD+ Display64MP + 13MP | 13MP Front Camera4404 mAh BatteryTensor G3 Processor1 Year Domestic Warranty
35,"OnePlus 12R (Iron Gray, 256 GB)","₹37,978",4,"8 GB RAM | 256 GB ROM17.22 cm (6.78 inch) Display50MP Rear Camera5500 mAh Battery1 Year Warranty
1 year manufacturer warranty for device and 1 year manufacturer warranty for in-box accessories including batteries from the date of purchase"
36,"OnePlus 13R 5G (Astral Trail, 512 GB)","₹47,305",4.1,16 GB RAM | 512 GB ROM17.22 cm (6.78 inch) Display50MP Rear Camera6000 mAh Battery1 year manufacturer warranty for device and 1 year manufacturer warranty for in-box accessories including batteries from the date of purchase
37,"SAMSUNG Galaxy S24 FE 5G (Graphite, 256 GB)","₹50,999",5,8 GB RAM | 256 GB ROM17.02 cm (6.7 inch) Full HD+ Display50MP + 12MP | 10MP Front Camera4700 mAh BatteryExynos 2400e Processor1 Year Manufacturer Warranty for Device and 6 Months for In-Box Accessories
38,"OnePlus 13R 5g (Astral Trail, 256 GB)","₹42,100",3,12 GB RAM | 256 GB ROM17.22 cm (6.78 inch) Display50MP Rear Camera6000 mAh Battery1 year manufacturer warranty for device and 1 year manufacturer warranty for in-box accessories including batteries from the date of purchase
39,"SAMSUNG Galaxy S24+ 5G (Cobalt Violet, 256 GB)","₹56,999",4.5,12 GB RAM | 256 GB ROM17.02 cm (6.7 inch) Quad HD+ Display50MP + 10MP + 12MP | 12MP Front Camera4900 mAh BatteryExynos 2400 Processor1 Year Manufacturer Warranty for Device and 6 Months for In-Box Accessories
40,"realme 14 Pro+ 5G (Pearl White, 256 GB)","₹34,999",4.5,12 GB RAM | 256 GB ROM17.35 cm (6.83 inch) Display50MP + 50MP + 8MP | 32MP Front Camera6000 mAh Battery7s Gen 3 Mobile Platform Processor1 Year Manufacturer Warranty for Device and 6 Months Manufacturer Warranty for Inbox Accessories
41,"Apple iPhone 16 (Black, 128 GB)","₹74,900",4.4,"128 GB ROM15.49 cm (6.1 inch) Super Retina XDR Display48MP + 12MP | 12MP Front CameraA18 Chip, 6 Core Processor Processor1 year warranty for phone and 1 year warranty for in Box Accessories."
42,"OnePlus 12R (Cool Blue, 256 GB)","₹38,499",4.5,16 GB RAM | 256 GB ROM17.22 cm (6.78 inch) Display50MP Rear Camera5500 mAh Battery1 Year Brand Warranty
43,"vivo V50 5G (Starry Night, 512 GB)","₹40,999",4.5,12 GB RAM | 512 GB ROM17.2 cm (6.77 inch) Display50MP + 50MP | 50MP Front Camera6000 mAh Battery7 Gen 3 Processor1 Year Manufacturer Warranty for Device and 6 Months Warranty for Inbox Accessories
44,"vivo V40 Pro 5G (Titanium Grey, 512 GB)","₹55,999",4.4,12 GB RAM | 512 GB ROM17.22 cm (6.78 inch) Full HD+ Display50MP + 50MP + 50MP | 50MP Front Camera5500 mAh BatteryDimensity 9200+ Processor1 Year Warranty on Handset and 6 Months Warranty on Accessories
45,"REDMI Note 14 Pro+ 5G (Spectre Blue, 256 GB)","₹32,999",4.5,8 GB RAM | 256 GB ROM16.94 cm (6.67 inch) Display50MP + 50MP + 8MP | 20MP Front Camera6200 mAh Battery7s Gen 3 Processor1 Year Manufacturer Warranty for Phone and 6 Months Warranty for In the Box Accessories
46,"realme 14 Pro+ 5G (Pearl White, 512 GB)","₹37,999",4.8,12 GB RAM | 512 GB ROM17.35 cm (6.83 inch) Display50MP + 50MP + 8MP | 32MP Front Camera6000 mAh Battery7s Gen 3 Mobile Platform Processor1 Year Manufacturer Warranty for Device and 6 Months Manufacturer Warranty for Inbox Accessories
47,"vivo X200 5G (Cosmos Black, 256 GB)","₹65,999",4.5,12 GB RAM | 256 GB ROM16.94 cm (6.67 inch) Full HD+ Display50MP + 50MP + 50MP | 32MP Front Camera5800 mAh BatteryDimensity 9400 Processor1 Year Warranty on Handset and 6 Months Warranty on Accessories
48,"SAMSUNG Galaxy S24 FE 5G (Mint, 128 GB)","₹44,999",4.3,8 GB RAM | 128 GB ROM17.02 cm (6.7 inch) Full HD+ Display50MP + 12MP | 10MP Front Camera4700 mAh BatteryExynos 2400e Processor1 Year Manufacturer Warranty for Device and 6 Months for In-Box Accessories
49,"OnePlus 13R 5G (Nebula Noir, 256 GB)","₹42,139",4.5,12 GB RAM | 256 GB ROM17.22 cm (6.78 inch) Display50MP Rear Camera6000 mAh Battery1 year manufacturer warranty for device and 1 year manufacturer warranty for in-box accessories including batteries from the date of purchase
50,"Motorola Edge 50 Ultra 5G (Peach Fuzz, 512 GB)","₹49,999",4.5,12 GB RAM | 512 GB ROM17.02 cm (6.7 inch) Display50MP + 50MP + 64MP | 50MP Front Camera4500 mAh Battery8s Gen 3 Mobile Platform Processor1 Year on Handset and 6 Months on Accessories
51,"OnePlus 12R (Iron Grey, 256 GB)","₹41,999",4.5,16 GB RAM | 256 GB ROM17.22 cm (6.78 inch) Display50MP Rear Camera5500 mAh Battery1 Year Brand Warranty
52,"OnePlus 13R 5G (Nebula Noir, 512 GB)","₹47,758",4.5,16 GB RAM | 512 GB ROM17.22 cm (6.78 inch) Display50MP Rear Camera6000 mAh Battery1 year manufacturer warranty for device and 1 year manufacturer warranty for in-box accessories including batteries from the date of purchase
53,"OPPO Reno 12 Pro 5G (Sunset Gold, 512 GB)","₹40,999",4.5,12 GB RAM | 512 GB ROM | Expandable Upto 1 TB17.02 cm (6.7 inch) Full HD+ Display50MP + 8MP + 50MP | 50MP Front Camera5000 mAh BatteryDimensity 7300 Energy Processor1 Year Manufacturer Warranty for Device and 6 Months Manufacturer Warranty for Inbox Accessories
54,"Apple iPhone 13 (Midnight, 128 GB)","₹44,999",4.4,128 GB ROM15.49 cm (6.1 inch) Super Retina XDR Display12MP + 12MP | 12MP Front CameraA15 Bionic Chip Processor1 year warranty for phone and 1 year warranty for in Box Accessories.
55,"realme 14 Pro+ 5G (Suede Grey, 256 GB)","₹31,999",4.6,8 GB RAM | 256 GB ROM17.35 cm (6.83 inch) Display50MP + 50MP + 8MP | 32MP Front Camera6000 mAh Battery7s Gen 3 Mobile Platform Processor1 Year Manufacturer Warranty for Device and 6 Months Manufacturer Warranty for Inbox Accessories
56,"SAMSUNG Galaxy Z Flip5 (Cream, 512 GB)","₹63,999",4.5,8 GB RAM | 512 GB ROM17.02 cm (6.7 inch) Display12MP + 12MP | 10MP Front Camera3700 mAh BatterySnapdragon 8 Gen 2 Processor1 Year Manufacturer Warranty for Device and 6 Months Manufacturer Warranty for In-Box Accessories
57,"vivo V30 Pro 5G (Andaman Blue, 256 GB)","₹34,999",4.5,8 GB RAM | 256 GB ROM17.22 cm (6.78 inch) Full HD+ Display50MP + 50MP + 50MP | 50MP Front Camera5000 mAh BatteryDimensity 8200 5G Processor1 Year Manufacturer Warranty for Device and 6 Months Manufacturer Warranty for Inbox Accessories
58,"SAMSUNG Galaxy S24+ 5G (Onyx Black, 256 GB)","₹56,999",4.5,12 GB RAM | 256 GB ROM17.02 cm (6.7 inch) Quad HD+ Display50MP + 10MP + 12MP | 12MP Front Camera4900 mAh BatteryExynos 2400 Processor1 Year Manufacturer Warranty for Device and 6 Months for In-Box Accessories
59,"Google Pixel 7a (Sea, 128 GB)","₹31,999",4.3,8 GB RAM | 128 GB ROM15.49 cm (6.1 inch) Full HD+ Display64MP (OIS) + 13MP | 13MP Front Camera4300 mAh BatteryTensor G2 Processor1 Year Handset and 6 Months Accessories
60,"SAMSUNG Galaxy S25 5G (Icyblue, 256 GB)","₹80,999",4.4,12 GB RAM | 256 GB ROM15.75 cm (6.2 inch) Full HD+ Display50MP + 10MP + 12MP | 12MP Front Camera4000 mAh Battery8 Elite for Galaxy Processor1 Year Manufacturer Warranty for Device and 6 Months for In-Box Accessories
61,"realme 14 Pro+ 5G (Pearl White, 256 GB)","₹31,999",4.6,8 GB RAM | 256 GB ROM17.35 cm (6.83 inch) Display50MP + 50MP + 8MP | 32MP Front Camera6000 mAh Battery7s Gen 3 Mobile Platform Processor1 Year Manufacturer Warranty for Device and 6 Months Manufacturer Warranty for Inbox Accessories
62,"OnePlus 13 (Midnight Ocean, 512 GB)","₹72,990",4.4,"16 GB RAM | 512 GB ROM17.32 cm (6.82 inch) Quad HD+ Display50MP + 50MP + 50MP | 32MP Front Camera6000 mAh BatterySnapdragon® 8 Elite Processor1 Year Warranty
1 year manufacturer warranty for device and 1 year manufacturer warranty for in-box accessories including batteries from the date of purchase"
63,"vivo V40 Pro 5G (Ganges Blue, 512 GB)","₹55,999",5,12 GB RAM | 512 GB ROM17.22 cm (6.78 inch) Full HD+ Display50MP + 50MP + 50MP | 50MP Front Camera5500 mAh BatteryDimensity 9200+ Processor1 Year Warranty on Handset and 6 Months Warranty on Accessories
64,"OnePlus 11 5G (Titan Black, 256 GB)","₹44,990",4,16 GB RAM | 256 GB ROM17.02 cm (6.7 inch) Display50MP Rear Camera | 16MP Front Camera5000 mAh Batterydomestic warranty of 12 months on phone & 6 months on accessories
65,"Apple iPhone 16 (Black, 256 GB)","₹84,900",4.5,"256 GB ROM15.49 cm (6.1 inch) Super Retina XDR Display48MP + 12MP | 12MP Front CameraA18 Chip, 6 Core Processor Processor1 year warranty for phone and 1 year warranty for in Box Accessories."
66,"OPPO Reno13 5G (Ivory White, 256 GB)","₹39,999",5,8 GB RAM | 256 GB ROM16.74 cm (6.59 inch) Display50MP + 8MP + 2MP | 50MP Front Camera5600 mAh BatteryDimensity 8350 Processor1 Year Warranty on Handset and 6 Months Warranty on Accessories
67,"OnePlus 12R (Iron Gray, 128 GB)","₹34,899",5,8 GB RAM | 128 GB ROM17.22 cm (6.78 inch) Display50MP Rear Camera5500 mAh Battery1 Year Brand Warranty
68,"Xiaomi 14 CIVI (Panda White, 512 GB)","₹44,999",4.4,12 GB RAM | 512 GB ROM16.64 cm (6.55 inch) Display50MP Rear Camera | 32MP + 32MP Dual Front Camera4700 mAh Battery8s Gen 3 Mobile Platform Processor1 Year Manufacturer Warranty for Phone and 6 Months Warranty for In the Box Accessories
69,"REDMI Note 14 Pro+ 5G (Titan Black, 128 GB)","₹30,999",4,8 GB RAM | 128 GB ROM16.94 cm (6.67 inch) Display50MP + 50MP + 8MP | 20MP Front Camera6200 mAh Battery7s Gen 3 Processor1 Year Manufacturer Warranty for Phone and 6 Months Warranty for In the Box Accessories
70,"Google Pixel 8a (Porcelain, 128 GB)","₹37,999",5,8 GB RAM | 128 GB ROM15.49 cm (6.1 inch) Full HD+ Display64MP + 13MP | 13MP Front Camera4404 mAh BatteryTensor G3 Processor1 Year Domestic Warranty
71,"Honor 200 5G (Moonlight White, 256 GB)","₹29,999",4.3,8 GB RAM | 256 GB ROM17.02 cm (6.7 inch) Full HD+ Super AMOLED Display50MP + 50MP + 12MP | 50MP Front Camera5200 mAh BatterySnapdragon 7 Gen 3 Processor1 year manufacturer's warranty for handset & 6 months for accessories
72,"POCO F5 5G (Carbon Black, 256 GB)","₹33,999",5,12 GB RAM | 256 GB ROM16.94 cm (6.67 inch) Full HD+ Display64MP (OIS) + 8MP + 2MP | 16MP Front Camera5000 mAh BatteryQualcomm Snapdragon 7+ Gen 2 (4nm) Processor2 Year Manufacturer Warranty for Phone and 6 Months Warranty for In the Box Accessories
73,"SAMSUNG Galaxy A36 5G (Awesome Black, 256 GB)","₹32,999",4,8 GB RAM | 256 GB ROM17.02 cm (6.7 inch) Full HD+ Display50MP + 8MP | 12MP Front Camera5000 mAh BatteryQualcomm Snapdragon 6 Gen 3 Processor1 Year Manufacturer Warranty for Device and 6 Months for In-Box Accessories
74,"REDMI Note 14 Pro+ 5G (Spectre Blue, 512 GB)","₹35,999",4.5,12 GB RAM | 512 GB ROM16.94 cm (6.67 inch) Display50MP + 50MP + 8MP | 20MP Front Camera6200 mAh Battery7s Gen 3 Processor1 Year Manufacturer Warranty for Phone and 6 Months Warranty for In the Box Accessories
75,"vivo X80 Pro (Cosmic Black, 256 GB)","₹79,999",5,12 GB RAM | 256 GB ROM17.22 cm (6.78 inch) Quad HD Display50MP + 48MP + 12MP + 8MP | 32MP Front Camera4700 mAh Lithium BatteryQualcomm Snapdragon 8 Gen 1 Mobile Platform Processor1 Year on Handset and 6 Months on Accessories
76,"IQOO NEO9 PRO (Fiery Red, 128 GB)","₹33,477",4,8 GB RAM | 128 GB ROM17.22 cm (6.78 inch) Display50MP Rear Camera5160 mAh Battery1 Year
77,"OnePlus 11 5G (Eternal Green, 128 GB)","₹34,874",4.5,8 GB RAM | 128 GB ROM17.02 cm (6.7 inch) Display50MP Rear Camera | 16MP Front Camera5000 mAh Batterydomestic warranty of 12 months on phone & 6 months on accessories
78,"OPPO Reno13 5G (Luminous Blue, 128 GB)","₹37,999",4.5,8 GB RAM | 128 GB ROM16.74 cm (6.59 inch) Display50MP + 8MP + 2MP | 50MP Front Camera5600 mAh BatteryDimensity 8350 Processor1 Year Warranty on Handset and 6 Months Warranty on Accessories
79,"Apple iPhone 16 (Ultramarine, 128 GB)","₹74,900",4.4,"128 GB ROM15.49 cm (6.1 inch) Super Retina XDR Display48MP + 12MP | 12MP Front CameraA18 Chip, 6 Core Processor Processor1 year warranty for phone and 1 year warranty for in Box Accessories."
80,"realme GT 6 (Fluid Silver, 256 GB)","₹33,999",4.5,8 GB RAM | 256 GB ROM17.22 cm (6.78 inch) Full HD+ Display50MP + 8MP + 50MP | 32MP Front Camera5500 mAh Battery8s Gen 3 Mobile Platform Processor1 Year Manufacturer Warranty for Device and 6 Months Manufacturer Warranty for Inbox Accessories
81,"Oukitel WP50 (Black, 256 GB)","₹34,778",4.5,4 GB RAM | 256 GB ROM | Expandable Upto 2 TB16.76 cm (6.6 inch) HD+ Display48MP + 48MP + 0.3MP + 2MP | 8MP + 8MP Dual Front Camera6500 mAh BatteryMediaTek Dimensity 6100+ Processor1 Year Manufacturing Warranty
82,"REDMI Note 14 Pro+ 5G (Phantom Purple, 512 GB)","₹35,999",4.4,12 GB RAM | 512 GB ROM16.94 cm (6.67 inch) Display50MP + 50MP + 8MP | 20MP Front Camera6200 mAh Battery7s Gen 3 Processor1 Year Manufacturer Warranty for Phone and 6 Months Warranty for In the Box Accessories
83,"Apple iPhone 16e (Black, 256 GB)","₹69,900",4.6,"256 GB ROM15.49 cm (6.1 inch) Super Retina XDR Display48MP Rear Camera | 12MP Front CameraA18 Chip, 6 Core Processor1 year warranty for phone and 1 year warranty for in Box Accessories."
84,"Apple iPhone 16e (Black, 128 GB)","₹59,900",4.4,"128 GB ROM15.49 cm (6.1 inch) Super Retina XDR Display48MP Rear Camera | 12MP Front CameraA18 Chip, 6 Core Processor1 year warranty for phone and 1 year warranty for in Box Accessories."
85,"OPPO Reno8T 5G (Sunrise Gold, 128 GB)","₹38,999",4.4,8 GB RAM | 128 GB ROM | Expandable Upto 1 TB17.02 cm (6.7 inch) Full HD+ Display108MP + 2MP + 2MP | 32MP Front Camera4800 mAh Lithium-ion Polymer BatteryQualcomm Snapdragon 695 Processor67W SUPERVOOC TM Charger I Dual Stereo Speakers120Hz 3D Curved AMOLED Screen1 Year on Handset and 6 Months on Accessories
86,"vivo V40 Pro 5G (Ganges Blue, 256 GB)","₹49,999",4.5,8 GB RAM | 256 GB ROM17.22 cm (6.78 inch) Full HD+ Display50MP + 50MP + 50MP | 50MP Front Camera5500 mAh BatteryDimensity 9200+ Processor1 Year Warranty on Handset and 6 Months Warranty on Accessories
87,"realme 14 Pro+ 5G (Suede Grey, 512 GB)","₹37,999",4.5,12 GB RAM | 512 GB ROM17.35 cm (6.83 inch) Display50MP + 50MP + 8MP | 32MP Front Camera6000 mAh Battery7s Gen 3 Mobile Platform Processor1 Year Manufacturer Warranty for Device and 6 Months Manufacturer Warranty for Inbox Accessories
88,"SAMSUNG Galaxy S24 FE 5G (Blue, 256 GB)","₹50,999",4.1,8 GB RAM | 256 GB ROM17.02 cm (6.7 inch) Full HD+ Display50MP + 12MP | 10MP Front Camera4700 mAh BatteryExynos 2400e Processor1 Year Manufacturer Warranty for Device and 6 Months for In-Box Accessories
89,"OPPO Reno 12 5G (Sunset Peach, 256 GB)","₹32,999",4.7,8 GB RAM | 256 GB ROM | Expandable Upto 1 TB17.02 cm (6.7 inch) Full HD+ Display50MP + 8MP + 2MP | 32MP Front Camera5000 mAh BatteryDimensity 7300 Energy Processor1 Year Manufacturer Warranty for Device and 6 Months Manufacturer Warranty for Inbox Accessories
90,"Google Pixel 7 (Snow, 128 GB)","₹33,999",4.4,8 GB RAM | 128 GB ROM16.0 cm (6.3 inch) Full HD+ Display50MP + 12MP | 10.8MP Front Camera4270 mAh BatteryGoogle Tensor G2 ProcessorNA
91,"SAMSUNG Galaxy S23 5G (Green, 256 GB)","₹41,999",4.8,8 GB RAM | 256 GB ROM15.49 cm (6.1 inch) Full HD+ Display50MP + 10MP + 12MP | 12MP Front Camera3900 mAh Lithium Ion BatteryQualcomm Snapdragon 8 Gen 2 Processor1 Year Manufacturer Warranty for Device and 6 Months Manufacturer Warranty for In-Box Accessories
92,"Apple iPhone 15 (Black, 128 GB)","₹64,999",4.5,"128 GB ROM15.49 cm (6.1 inch) Super Retina XDR Display48MP + 12MP | 12MP Front CameraA16 Bionic Chip, 6 Core Processor Processor1 year warranty for phone and 1 year warranty for in Box Accessories."
93,"Apple iPhone 16 (Ultramarine, 256 GB)","₹84,900",4.5,"256 GB ROM15.49 cm (6.1 inch) Super Retina XDR Display48MP + 12MP | 12MP Front CameraA18 Chip, 6 Core Processor Processor1 year warranty for phone and 1 year warranty for in Box Accessories."
94,"vivo X90 (Asteroid Black, 256 GB)","₹48,778",4.6,12 GB RAM | 256 GB ROM17.22 cm (6.78 inch) Full HD+ Display50MP + 12MP + 12MP | 32MP Front Camera4810 mAh BatteryDimensity 9200 Processor1 Year Handset and 6 Months Accessories
95,"Apple iPhone 14 (Starlight, 128 GB)","₹54,999",4.4,"128 GB ROM15.49 cm (6.1 inch) Super Retina XDR Display12MP + 12MP | 12MP Front CameraA15 Bionic Chip, 6 Core Processor Processor1 year warranty for phone and 1 year warranty for in Box Accessories."
96,"Apple iPhone 16 (Ultramarine, 256 GB)","₹84,900",4.5,"256 GB ROM15.49 cm (6.1 inch) Super Retina XDR Display48MP + 12MP | 12MP Front CameraA18 Chip, 6 Core Processor Processor1 year warranty for phone and 1 year warranty for in Box Accessories."
97,"vivo X90 (Asteroid Black, 256 GB)","₹48,778",4.3,12 GB RAM | 256 GB ROM17.22 cm (6.78 inch) Full HD+ Display50MP + 12MP + 12MP | 32MP Front Camera4810 mAh BatteryDimensity 9200 Processor1 Year Handset and 6 Months Accessories
98,"Apple iPhone 14 (Starlight, 128 GB)","₹54,999",4.3,"128 GB ROM15.49 cm (6.1 inch) Super Retina XDR Display12MP + 12MP | 12MP Front CameraA15 Bionic Chip, 6 Core Processor Processor1 year warranty for phone and 1 year warranty for in Box Accessories."
99,"Apple iPhone 16 (Teal, 256 GB)","₹84,900",4.3,"256 GB ROM15.49 cm (6.1 inch) Super Retina XDR Display48MP + 12MP | 12MP Front CameraA18 Chip, 6 Core Processor Processor1 year warranty for phone and 1 year warranty for in Box Accessories."
100,"Apple iPhone 15 (Pink, 128 GB)","₹64,999",4.4,"128 GB ROM15.49 cm (6.1 inch) Super Retina XDR Display48MP + 12MP | 12MP Front CameraA16 Bionic Chip, 6 Core Processor Processor1 year warranty for phone and 1 year warranty for in Box Accessories."
101,"Apple iPhone 14 (Starlight, 256 GB)","₹64,999",4.5,"256 GB ROM15.49 cm (6.1 inch) Super Retina XDR Display12MP + 12MP | 12MP Front CameraA15 Bionic Chip, 6 Core Processor Processor1 year warranty for phone and 1 year warranty for in Box Accessories."
102,"SAMSUNG Galaxy A36 5G (Awesome Lavender, 256 GB)","₹35,999",5,12 GB RAM | 256 GB ROM17.02 cm (6.7 inch) Full HD+ Display50MP + 8MP | 12MP Front Camera5000 mAh BatteryQualcomm Snapdragon 6 Gen 3 Processor1 Year Manufacturer Warranty for Device and 6 Months for In-Box Accessories
103,"Google Pixel 8a (Obsidian, 256 GB)","₹44,999",5,8 GB RAM | 256 GB ROM15.49 cm (6.1 inch) Full HD+ Display64MP + 13MP | 13MP Front Camera4404 mAh BatteryTensor G3 Processor1 Year Domestic Warranty
104,"Apple iPhone 14 (Blue, 128 GB)","₹54,999",4.3,"128 GB ROM15.49 cm (6.1 inch) Super Retina XDR Display12MP + 12MP | 12MP Front CameraA15 Bionic Chip, 6 Core Processor Processor1 year warranty for phone and 1 year warranty for in Box Accessories."
105,"Xiaomi 14 CIVI (Shadow Black, 512 GB)","₹43,999",5,12 GB RAM | 512 GB ROM16.64 cm (6.55 inch) Display50MP Rear Camera | 32MP + 32MP Dual Front Camera4700 mAh Battery8s Gen 3 Mobile Platform Processor1 Year Manufacturer Warranty for Phone and 6 Months Warranty for In the Box Accessories
106,"Google Pixel 8a (Aloe, 128 GB)","₹37,999",4,8 GB RAM | 128 GB ROM15.49 cm (6.1 inch) Full HD+ Display64MP + 13MP | 13MP Front Camera4404 mAh BatteryTensor G3 Processor1 Year Domestic Warranty
107,"Xiaomi 14 CIVI (Cruise Blue, 256 GB)","₹39,999",4.5,8 GB RAM | 256 GB ROM16.64 cm (6.55 inch) Display50MP Rear Camera | 32MP + 32MP Dual Front Camera4700 mAh Battery8s Gen 3 Mobile Platform Processor1 Year Manufacturer Warranty for Phone and 6 Months Warranty for In the Box Accessories
108,"OPPO Find X8 5G (Space Black, 512 GB)","₹79,999",5,16 GB RAM | 512 GB ROM16.74 cm (6.59 inch) Full HD+ AMOLED Display50MP + 50MP + 50MP | 32MP Front Camera5630 mAh BatteryDimensity 9400 Processor1 Year Manufacturer Warranty for Device and 6 Months Manufacturer Warranty for Inbox Accessories
109,"OPPO Reno 12 5G (Astro Silver, 256 GB)","₹32,999",4,8 GB RAM | 256 GB ROM | Expandable Upto 1 TB17.02 cm (6.7 inch) Full HD+ Display50MP + 8MP + 2MP | 32MP Front Camera5000 mAh BatteryDimensity 7300 Energy Processor1 Year Manufacturer Warranty for Device and 6 Months Manufacturer Warranty for Inbox Accessories
110,"OnePlus 13 (Midnight Ocean, 256 GB)","₹66,499",4.1,"12 GB RAM | 256 GB ROM17.32 cm (6.82 inch) Quad HD+ Display50MP + 50MP + 50MP | 32MP Front Camera6000 mAh BatterySnapdragon® 8 Elite Processor1 Year Warranty
1 year manufacturer warranty for device and 1 year manufacturer warranty for in-box accessories including batteries from the date of purchase"
111,"Apple iPhone 16 (Pink, 128 GB)","₹74,900",5,"128 GB ROM15.49 cm (6.1 inch) Super Retina XDR Display48MP + 12MP | 12MP Front CameraA18 Chip, 6 Core Processor Processor1 year warranty for phone and 1 year warranty for in Box Accessories."
112,"Apple iPhone 16 Plus (Black, 256 GB)","₹94,900",3,"256 GB ROM17.02 cm (6.7 inch) Super Retina XDR Display48MP + 12MP | 12MP Front CameraA18 Chip, 6 Core Processor Processor1 year warranty for phone and 1 year warranty for in Box Accessories."
113,"Google Pixel 7 (Obsidian, 128 GB)","₹33,999",4.5,8 GB RAM | 128 GB ROM16.0 cm (6.3 inch) Full HD+ Display50MP + 12MP | 10.8MP Front Camera4270 mAh BatteryGoogle Tensor G2 Processor1 Year Domestic Warranty
114,"Xiaomi 14 CIVI (Shadow Black, 256 GB)","₹39,999",5,8 GB RAM | 256 GB ROM16.64 cm (6.55 inch) Display50MP Rear Camera | 32MP + 32MP Dual Front Camera4700 mAh Battery8s Gen 3 Mobile Platform Processor1 Year Manufacturer Warranty for Phone and 6 Months Warranty for In the Box Accessories
115,"vivo V40 5G (Lotus Purple, 512 GB)","₹42,999",5,12 GB RAM | 512 GB ROM17.22 cm (6.78 inch) Full HD+ Display50MP + 50MP | 50MP Front Camera5500 mAh BatterySnapdragon 7 Gen 3 Processor1 Year Warranty on Handset and 6 Months Warranty on Accessories
116,"SAMSUNG Galaxy S25 5G (Mint, 256 GB)","₹80,999",4.3,12 GB RAM | 256 GB ROM15.75 cm (6.2 inch) Full HD+ Display50MP + 10MP + 12MP | 12MP Front Camera4000 mAh Battery8 Elite for Galaxy Processor1 Year Manufacturer Warranty for Device and 6 Months for In-Box Accessories
117,"SAMSUNG Galaxy A55 5G (Awesome Navy, 256 GB)","₹36,999",4.6,8 GB RAM | 256 GB ROM | Expandable Upto 1 TB16.76 cm (6.6 inch) Full HD+ Display50MP + 12MP + 5MP | 32MP Front Camera5000 mAh BatterySamsung Exynos 1480 Processor1 Year Manufacturer Warranty for Device and 6 Months for In-Box Accessories
118,"SAMSUNG Galaxy S25 Ultra 5G (Titanium Black, 256 GB)","₹1,29,999",4.3,12 GB RAM | 256 GB ROM17.53 cm (6.9 inch) Quad HD+ Display200MP + 50MP + 50MP + 10MP | 12MP Front Camera5000 mAh Battery8 Elite for Galaxy Processor1 Year Manufacturer Warranty for Device and 6 Months for In-Box Accessories
119,"Honor 200 5G (Black, 256 GB)","₹29,999",4.3,8 GB RAM | 256 GB ROM17.02 cm (6.7 inch) Full HD+ Super AMOLED Display50MP + 50MP + 12MP | 50MP Front Camera5200 mAh BatterySnapdragon 7 Gen 3 Processor1 year manufacturer's warranty for handset & 6 months for accessories
120,"SAMSUNG Galaxy S20+ (Cosmic Gray, 128 GB)","₹83,000",4.6,8 GB RAM | 128 GB ROM | Expandable Upto 1 TB17.02 cm (6.7 inch) Quad HD+ Display64 MP + 12 MP +12 MP + VGA Depth Camera | 10MP Front Camera4500 mAh Lithium-ion BatteryExynos 990 ProcessorSuper AMOLED Display1 Year Manufacturer Warranty for Phone and 6 Months Warranty for In the Box Accessories
121,"SAMSUNG Galaxy S24 5G (Onyx Black, 512 GB)","₹82,999",4.4,8 GB RAM | 512 GB ROM15.75 cm (6.2 inch) Full HD+ Display50MP + 10MP + 12MP | 12MP Front Camera4000 mAh BatteryExynos 2400 Processor1 Year Manufacturer Warranty for Device and 6 Months for In-Box Accessories
122,"SAMSUNG Galaxy S24 5G (Amber Yellow, 512 GB)","₹82,999",4.4,8 GB RAM | 512 GB ROM15.75 cm (6.2 inch) Full HD+ Display50MP + 10MP + 12MP | 12MP Front Camera4000 mAh BatteryExynos 2400 Processor1 Year Manufacturer Warranty for Device and 6 Months for In-Box Accessories
123,"SAMSUNG Galaxy S25 5G (Navy, 256 GB)","₹80,999",4.6,12 GB RAM | 256 GB ROM15.75 cm (6.2 inch) Full HD+ Display50MP + 10MP + 12MP | 12MP Front Camera4000 mAh Battery8 Elite for Galaxy Processor1 Year Manufacturer Warranty for Device and 6 Months for In-Box Accessories
124,"SAMSUNG Galaxy S25 5G (Silver Shadow, 256 GB)","₹80,999",4.5,12 GB RAM | 256 GB ROM15.75 cm (6.2 inch) Full HD+ Display50MP + 10MP + 12MP | 12MP Front Camera4000 mAh Battery8 Elite for Galaxy Processor1 Year Manufacturer Warranty for Device and 6 Months for In-Box Accessories
125,"SAMSUNG Galaxy S25 5G (Mint, 256 GB)","₹80,999",4.3,12 GB RAM | 256 GB ROM15.75 cm (6.2 inch) Full HD+ Display50MP + 10MP + 12MP | 12MP Front Camera4000 mAh Battery8 Elite for Galaxy Processor1 Year Manufacturer Warranty for Device and 6 Months for In-Box Accessories
126,"SAMSUNG Galaxy S25 5G (Icyblue, 256 GB)","₹80,999",4.6,12 GB RAM | 256 GB ROM15.75 cm (6.2 inch) Full HD+ Display50MP + 10MP + 12MP | 12MP Front Camera4000 mAh Battery8 Elite for Galaxy Processor1 Year Manufacturer Warranty for Device and 6 Months for In-Box Accessories
127,"Google Pixel 8 Pro (Obsidian, 128 GB)","₹79,999",4.6,12 GB RAM | 128 GB ROM17.02 cm (6.7 inch) Full HD+ AMOLED Display50MP + 48MP + 48MP | 10.5MP Front Camera5050 mAh BatteryTensor G3 Processor1 Year Domestic Warranty
128,"Google Pixel 8 Pro (Bay, 128 GB)","₹79,999",4.3,12 GB RAM | 128 GB ROM17.02 cm (6.7 inch) Full HD+ AMOLED Display50MP + 48MP + 48MP | 10.5MP Front Camera5050 mAh BatteryTensor G3 Processor1 Year Domestic Warranty
129,"OPPO Find X8 5G (Space Black, 512 GB)","₹79,999",4.4,16 GB RAM | 512 GB ROM16.74 cm (6.59 inch) Full HD+ AMOLED Display50MP + 50MP + 50MP | 32MP Front Camera5630 mAh BatteryDimensity 9400 Processor1 Year Manufacturer Warranty for Device and 6 Months Manufacturer Warranty for Inbox Accessories
130,"vivo X80 Pro (Cosmic Black, 256 GB)","₹79,999",4.4,12 GB RAM | 256 GB ROM17.22 cm (6.78 inch) Quad HD Display50MP + 48MP + 12MP + 8MP | 32MP Front Camera4700 mAh Lithium BatteryQualcomm Snapdragon 8 Gen 1 Mobile Platform Processor1 Year on Handset and 6 Months on Accessories
131,"Apple iPhone 14 Plus (Blue, 256 GB)","₹79,900",4.5,"256 GB ROM17.02 cm (6.7 inch) Super Retina XDR Display12MP + 12MP | 12MP Front CameraA15 Bionic Chip, 6 Core Processor Processor1 year warranty for phone and 1 year warranty for in Box Accessories."
132,"MOTOROLA Razr 50 Ultra (Midnight blue, 512 GB)","₹79,888",4.4,"12 GB RAM | 512 GB ROM17.53 cm (6.9 inch) Full HD+ Display50MP + 50MP + 12MP4000 mAh BatteryOcta-core ProcessorThe Motorola Razr 50 Ultra Spring Green comes with a 10-day replacement warranty. If you receive a damaged, defective, or incorrect product, you can request a replacement within 10 days of delivery.
 1year warranty"
133,"Apple iPhone 15 Plus (Pink, 256 GB)","₹78,999",4.3,"256 GB ROM17.02 cm (6.7 inch) Super Retina XDR Display48MP + 12MP | 12MP Front CameraA16 Bionic Chip, 6 Core Processor Processor1 year warranty for phone and 1 year warranty for in Box Accessories."
134,"Apple iPhone 15 Plus (Blue, 256 GB)","₹78,999",4.6,"256 GB ROM17.02 cm (6.7 inch) Super Retina XDR Display48MP + 12MP | 12MP Front CameraA16 Bionic Chip, 6 Core Processor Processor1 year warranty for phone and 1 year warranty for in Box Accessories."
135,"MOTOROLA Razr 50 Ultra (Spring Green, 512 GB)","₹78,499",4.6,"12 GB RAM | 512 GB ROM17.53 cm (6.9 inch) Full HD+ Display50MP + 50MP + 12MP4000 mAh BatteryOcta-core ProcessorThe Motorola Razr 50 Ultra Spring Green comes with a 10-day replacement warranty. If you receive a damaged, defective, or incorrect product, you can request a replacement within 10 days of delivery"
136,"MOTOROLA Razr 50 Ultra (Peach Fuzz, 512 GB)","₹77,999",4.6,"12 GB RAM | 512 GB ROM17.53 cm (6.9 inch) Full HD+ Display50MP + 50MP + 12MP4000 mAh BatteryOcta-core ProcessorThe Motorola Razr 50 Ultra Spring Green comes with a 10-day replacement warranty. If you receive a damaged, defective, or incorrect product, you can request a replacement within 10 days of delivery
1 year warranty"
137,"Apple iPhone 8 (Gold, 256 GB)","₹77,000",4.3,"256 GB ROM11.94 cm (4.7 inch) Retina HD Display12MP Rear Camera | 7MP Front CameraA11 Bionic Chip with 64-bit Architecture, Neural Engine, Embedded M11 Motion Coprocessor ProcessorBrand Warranty of 1 Year"
138,"Apple iPhone 8 (Silver, 256 GB)","₹77,000",4.6,"256 GB ROM11.94 cm (4.7 inch) Retina HD Display12MP Rear Camera | 7MP Front CameraA11 Bionic Chip with 64-bit Architecture, Neural Engine, Embedded M11 Motion Coprocessor ProcessorBrand Warranty of 1 Year"
139,"SAMSUNG Galaxy S24 5G (Amber Yellow, 128 GB)","₹75,000",4.3,8 GB RAM | 128 GB ROM15.75 cm (6.2 inch) Full HD+ Display50MP + 10MP + 12MP | 12MP Front Camera4000 mAh BatteryExynos 2400 Processor1 Year Manufacturer Warranty for Device and 6 Months for In-Box Accessories
140,"Apple iPhone 15 (Pink, 256 GB)","₹74,999",5,"256 GB ROM15.49 cm (6.1 inch) Super Retina XDR Display48MP + 12MP | 12MP Front CameraA16 Bionic Chip, 6 Core Processor Processor1 year warranty for phone and 1 year warranty for in Box Accessories."
141,"Google Pixel 9 (Peony, 256 GB)","₹74,999",4,12 GB RAM | 256 GB ROM16.0 cm (6.3 inch) Display50MP + 48MP | 10.5MP Front Camera4700 mAh BatteryGoogle Tensor G4 Processor1 Year Domestic Warranty
142,"SAMSUNG Galaxy S24 5G (Onyx Black, 128 GB)","₹74,999",4.4,8 GB RAM | 128 GB ROM15.75 cm (6.2 inch) Full HD+ Display50MP + 10MP + 12MP | 12MP Front Camera4000 mAh BatteryExynos 2400 Processor1 Year Manufacturer Warranty for Device and 6 Months for In-Box Accessories
143,"Apple iPhone 15 (Black, 256 GB)","₹74,999",5,"256 GB ROM15.49 cm (6.1 inch) Super Retina XDR Display48MP + 12MP | 12MP Front CameraA16 Bionic Chip, 6 Core Processor Processor1 year warranty for phone and 1 year warranty for in Box Accessories."
144,"Google Pixel 9 (Peony, 256 GB)","₹74,999",5,12 GB RAM | 256 GB ROM16.0 cm (6.3 inch) Display50MP + 48MP | 10.5MP Front Camera4700 mAh BatteryGoogle Tensor G4 Processor1 Year Domestic Warranty
145,"Apple iPhone 16 (Ultramarine, 128 GB)","₹74,900",4.3,"128 GB ROM15.49 cm (6.1 inch) Super Retina XDR Display48MP + 12MP | 12MP Front CameraA18 Chip, 6 Core Processor Processor1 year warranty for phone and 1 year warranty for in Box Accessories."
146,"Apple iPhone 16 (Black, 128 GB)","₹74,900",4,"128 GB ROM15.49 cm (6.1 inch) Super Retina XDR Display48MP + 12MP | 12MP Front CameraA18 Chip, 6 Core Processor Processor1 year warranty for phone and 1 year warranty for in Box Accessories."
147,"Apple iPhone 16 (Teal, 128 GB)","₹74,900",1,"128 GB ROM15.49 cm (6.1 inch) Super Retina XDR Display48MP + 12MP | 12MP Front CameraA18 Chip, 6 Core Processor Processor1 year warranty for phone and 1 year warranty for in Box Accessories."
148,"Apple iPhone 16 (White, 128 GB)","₹74,900",4.6,"128 GB ROM15.49 cm (6.1 inch) Super Retina XDR Display48MP + 12MP | 12MP Front CameraA18 Chip, 6 Core Processor Processor1 year warranty for phone and 1 year warranty for in Box Accessories."
149,"Apple iPhone 16 (Pink, 128 GB)","₹74,900",5,"128 GB ROM15.49 cm (6.1 inch) Super Retina XDR Display48MP + 12MP | 12MP Front CameraA18 Chip, 6 Core Processor Processor1 year warranty for phone and 1 year warranty for in Box Accessories."
150,"SAMSUNG Galaxy S22 5G (Green, 128 GB)","₹72,999",5,8 GB RAM | 128 GB ROM15.49 cm (6.1 inch) Full HD+ Display50MP + 12MP + 10MP | 10MP Front Camera3700 mAh Lithium-ion BatterySnapdragon 8 Gen 1 Processor1 Year Manufacturer Warranty for Device and 6 Months Manufacturer Warranty for In-Box Accessories
151,"SAMSUNG Galaxy S22 5G (Phantom Black, 128 GB)","₹72,999",4.5,8 GB RAM | 128 GB ROM15.49 cm (6.1 inch) Full HD+ Display50MP + 12MP + 10MP | 10MP Front Camera3700 mAh Lithium-ion BatterySnapdragon 8 Gen 1 Processor1 Year Manufacturer Warranty for Device and 6 Months Manufacturer Warranty for In-Box Accessories
152,"OnePlus 13 (Arctic Dawn, 512 GB)","₹72,990",5,"16 GB RAM | 512 GB ROM17.32 cm (6.82 inch) Quad HD+ Display50MP + 50MP + 50MP | 32MP Front Camera6000 mAh BatterySnapdragon® 8 Elite Processor1 Year Warranty
1 year manufacturer warranty for device and 1 year manufacturer warranty for in-box accessories including batteries from the date of purchase"
153,"OnePlus 13 (Midnight Ocean, 512 GB)","₹72,990",4,"16 GB RAM | 512 GB ROM17.32 cm (6.82 inch) Quad HD+ Display50MP + 50MP + 50MP | 32MP Front Camera6000 mAh BatterySnapdragon® 8 Elite Processor1 Year Warranty
1 year manufacturer warranty for device and 1 year manufacturer warranty for in-box accessories including batteries from the date of purchase"
154,"vivo X200 5G (Natural Green, 512 GB)","₹71,999",4.6,16 GB RAM | 512 GB ROM16.94 cm (6.67 inch) Full HD+ Display50MP + 50MP + 50MP | 32MP Front Camera5800 mAh BatteryDimensity 9400 Processor1 Year Warranty on Handset and 6 Months Warranty on Accessories
155,"vivo X200 5G (Cosmos Black, 512 GB)","₹71,999",4.3,16 GB RAM | 512 GB ROM16.94 cm (6.67 inch) Full HD+ Display50MP + 50MP + 50MP | 32MP Front Camera5800 mAh BatteryDimensity 9400 Processor1 Year Warranty on Handset and 6 Months Warranty on Accessories
156,"SAMSUNG Galaxy S24 5G (Cobalt Violet, 256 GB)","₹70,999",4.6,8 GB RAM | 256 GB ROM15.75 cm (6.2 inch) Full HD+ Display50MP + 10MP + 12MP | 12MP Front Camera4000 mAh BatteryExynos 2400 Processor1 Year Manufacturer Warranty for Device and 6 Months for In-Box Accessories
157,"SAMSUNG Galaxy S24 5G (Amber Yellow, 256 GB)","₹70,999",4.6,8 GB RAM | 256 GB ROM15.75 cm (6.2 inch) Full HD+ Display50MP + 10MP + 12MP | 12MP Front Camera4000 mAh BatteryExynos 2400 Processor1 Year Manufacturer Warranty for Device and 6 Months for In-Box Accessories
158,"LG G8X (Black, 128 GB)","₹70,000",4.6,6 GB RAM | 128 GB ROM | Expandable Upto 2 TB16.26 cm (6.4 inch) Full HD+ Display12MP + 13MP | 32MP Front Camera4000 mAh BatteryQualcomm Snapdragon™ 855 Octa-core (up to 2.84 GHz x 1 + 2.42 GHz x 3 + 1.79 GHz x 4) ProcessorCharging adapter is not included in the box1 year manufacturer warranty for device and 6 months manufacturer warranty for in-box accessories including batteries from the date of purchase
159,"SAMSUNG Galaxy Z Flip3 5G (Phantom Black, 128 GB)","₹69,999",4.6,8 GB RAM | 128 GB ROM17.02 cm (6.7 inch) Full HD+ Display12MP + 12MP | 10MP Front Camera3300 mAh Lithium-ion BatteryQualcomm Snapdragon 888 Octa-Core Processor1 Year Manufacturer Warranty for Device and 6 months Manufacturer Warranty for In-Box Accessories
160,"OPPO Find X8 5G (Star Grey, 256 GB)","₹69,999",4.3,12 GB RAM | 256 GB ROM16.74 cm (6.59 inch) Full HD+ AMOLED Display50MP + 50MP + 50MP | 32MP Front Camera5630 mAh BatteryDimensity 9400 Processor1 Year Manufacturer Warranty for Device and 6 Months Manufacturer Warranty for Inbox Accessories
161,"SAMSUNG Galaxy Z Flip3 5G (Cream, 128 GB)","₹69,999",4.3,8 GB RAM | 128 GB ROM17.02 cm (6.7 inch) Full HD+ Display12MP + 12MP | 10MP Front Camera3300 mAh Lithium-ion BatteryQualcomm Snapdragon 888 Octa-Core Processor1 Year Manufacturer Warranty for Device and 6 months Manufacturer Warranty for In-Box Accessories
162,"MOTOROLA Razar 50 Flip (Beach Sand, 256 GB)","₹69,990",4.6,8 GB RAM | 256 GB ROM17.53 cm (6.9 inch) Display50MP Rear Camera4200 mAh Battery1 Year
163,"MOTOROLA Razar 50 Flip (Spritz Orange, 256 GB)","₹69,990",4.3,8 GB RAM | 256 GB ROM17.53 cm (6.9 inch) Display50MP Rear Camera4200 mAh Battery1 Year
164,"MOTOROLA Razar 50 Flip (Koala Grey, 256 GB)","₹69,990",4.3,8 GB RAM | 256 GB ROM17.53 cm (6.9 inch) Display50MP Rear Camera4200 mAh Battery1 Year
165,"Apple iPhone 14 Plus (Blue, 128 GB)","₹69,900",4.3,"128 GB ROM17.02 cm (6.7 inch) Super Retina XDR Display12MP + 12MP | 12MP Front CameraA15 Bionic Chip, 6 Core Processor Processor1 year warranty for phone and 1 year warranty for in Box Accessories."
166,"Apple iPhone 14 Plus (Starlight, 128 GB)","₹69,900",4.6,"128 GB ROM17.02 cm (6.7 inch) Super Retina XDR Display12MP + 12MP | 12MP Front CameraA15 Bionic Chip, 6 Core Processor Processor1 year warranty for phone and 1 year warranty for in Box Accessories."
167,"Apple iPhone 16e (White, 256 GB)","₹69,900",4.4,"256 GB ROM15.49 cm (6.1 inch) Super Retina XDR Display48MP Rear Camera | 12MP Front CameraA18 Chip, 6 Core Processor1 year warranty for phone and 1 year warranty for in Box Accessories."
168,"MOTOROLA Razar 50 Flip (Koala Grey, 256 GB)","₹69,990",4.4,8 GB RAM | 256 GB ROM17.53 cm (6.9 inch) Display50MP Rear Camera4200 mAh Battery1 Year
169,"MOTOROLA Razar 50 Flip (Beach Sand, 256 GB)","₹69,990",4.6,8 GB RAM | 256 GB ROM17.53 cm (6.9 inch) Display50MP Rear Camera4200 mAh Battery1 Year
170,"MOTOROLA Razar 50 Flip (Spritz Orange, 256 GB)","₹69,990",4.6,8 GB RAM | 256 GB ROM17.53 cm (6.9 inch) Display50MP Rear Camera4200 mAh Battery1 Year
171,"Apple iPhone 16e (White, 256 GB)","₹69,900",4.3,"256 GB ROM15.49 cm (6.1 inch) Super Retina XDR Display48MP Rear Camera | 12MP Front CameraA18 Chip, 6 Core Processor1 year warranty for phone and 1 year warranty for in Box Accessories."
172,"Apple iPhone 16e (Black, 256 GB)","₹69,900",4.3,"256 GB ROM15.49 cm (6.1 inch) Super Retina XDR Display48MP Rear Camera | 12MP Front CameraA18 Chip, 6 Core Processor1 year warranty for phone and 1 year warranty for in Box Accessories."
173,"Apple iPhone 14 Plus (Midnight, 128 GB)","₹69,900",4.6,"128 GB ROM17.02 cm (6.7 inch) Super Retina XDR Display12MP + 12MP | 12MP Front CameraA15 Bionic Chip, 6 Core Processor Processor1 year warranty for phone and 1 year warranty for in Box Accessories."
174,"Apple iPhone 14 Plus (Blue, 128 GB)","₹69,900",4.7,"128 GB ROM17.02 cm (6.7 inch) Super Retina XDR Display12MP + 12MP | 12MP Front CameraA15 Bionic Chip, 6 Core Processor Processor1 year warranty for phone and 1 year warranty for in Box Accessories."
175,"Apple iPhone 15 Plus (Pink, 128 GB)","₹68,499",4.4,"128 GB ROM17.02 cm (6.7 inch) Super Retina XDR Display48MP + 12MP | 12MP Front CameraA16 Bionic Chip, 6 Core Processor Processor1 year warranty for phone and 1 year warranty for in Box Accessories."
176,"Apple iPhone 15 Plus (Black, 128 GB)","₹68,499",4.6,"128 GB ROM17.02 cm (6.7 inch) Super Retina XDR Display48MP + 12MP | 12MP Front CameraA16 Bionic Chip, 6 Core Processor Processor1 year warranty for phone and 1 year warranty for in Box Accessories."
177,"Apple iPhone 15 Plus (Blue, 128 GB)","₹68,499",4.4,"128 GB ROM17.02 cm (6.7 inch) Super Retina XDR Display48MP + 12MP | 12MP Front CameraA16 Bionic Chip, 6 Core Processor Processor1 year warranty for phone and 1 year warranty for in Box Accessories."
178,"Samsung Galaxy S21 FE 5G with Snapdragon 888 (Lavender, 256 GB)","₹67,999",4.3,8 GB RAM | 256 GB ROM16.26 cm (6.4 inch) Full HD+ Display12MP + 12MP + 8MP (OIS) | 32MP Front Camera4500 mAh Lithium-ion BatterySnapdragon 888 Processor1 Year Manufacturer Warranty for Device and 6 Months Manufacturer Warranty for In-Box Accessories
179,"SAMSUNG Galaxy Z Flip5 (Cream, 256 GB)","₹66,999",5,8 GB RAM | 256 GB ROM17.02 cm (6.7 inch) Display12MP + 12MP | 10MP Front Camera3700 mAh BatterySnapdragon 8 Gen 2 Processor1 Year Manufacturer Warranty for Device and 6 Months Manufacturer Warranty for In-Box Accessories
180,"OPPO Find X8 5G (Space Black, 256 GB)","₹66,999",4,12 GB RAM | 256 GB ROM16.74 cm (6.59 inch) Full HD+ AMOLED Display50MP + 50MP + 50MP | 32MP Front Camera5630 mAh BatteryDimensity 9400 Processor1 Year Manufacturer Warranty for Device and 6 Months Manufacturer Warranty for Inbox Accessories
181,"SAMSUNG Galaxy Z Flip5 (Mint, 512 GB)","₹66,999",4.6,8 GB RAM | 512 GB ROM17.02 cm (6.7 inch) Display12MP + 12MP | 10MP Front Camera3700 mAh BatterySnapdragon 8 Gen 2 Processor1 Year Manufacturer Warranty for Device and 6 Months Manufacturer Warranty for In-Box Accessories
182,"OnePlus 13 (Midnight Ocean, 256 GB)","₹66,499",4,"12 GB RAM | 256 GB ROM17.32 cm (6.82 inch) Quad HD+ Display50MP + 50MP + 50MP | 32MP Front Camera6000 mAh BatterySnapdragon® 8 Elite Processor1 Year Warranty
1 year manufacturer warranty for device and 1 year manufacturer warranty for in-box accessories including batteries from the date of purchase"
183,"vivo X200 5G (Cosmos Black, 256 GB)","₹65,999",3,12 GB RAM | 256 GB ROM16.94 cm (6.67 inch) Full HD+ Display50MP + 50MP + 50MP | 32MP Front Camera5800 mAh BatteryDimensity 9400 Processor1 Year Warranty on Handset and 6 Months Warranty on Accessories
184,"vivo X200 5G (Natural Green, 256 GB)","₹65,999",4.6,12 GB RAM | 256 GB ROM16.94 cm (6.67 inch) Full HD+ Display50MP + 50MP + 50MP | 32MP Front Camera5800 mAh BatteryDimensity 9400 Processor1 Year Warranty on Handset and 6 Months Warranty on Accessories
185,"OnePlus 12 (Silky Black, 512 GB)","₹65,999",5,16 GB RAM | 512 GB ROM17.32 cm (6.82 inch) Display64MP Rear Camera5400 mAh Battery1 Year Brand Warranty
186,"SAMSUNG Galaxy Z Flip5 (Lavender, 512 GB)","₹65,990",5,8 GB RAM | 512 GB ROM17.02 cm (6.7 inch) Display12MP + 12MP | 10MP Front Camera3700 mAh BatterySnapdragon 8 Gen 2 Processor1 Year Manufacturer Warranty for Device and 6 Months Manufacturer Warranty for In-Box Accessories
187,"Apple iPhone 14 (Midnight, 256 GB)","₹64,999",4.3,"256 GB ROM15.49 cm (6.1 inch) Super Retina XDR Display12MP + 12MP | 12MP Front CameraA15 Bionic Chip, 6 Core Processor Processor1 year warranty for phone and 1 year warranty for in Box Accessories."
188,"Apple iPhone 15 (Pink, 128 GB)","₹64,999",5,"128 GB ROM15.49 cm (6.1 inch) Super Retina XDR Display48MP + 12MP | 12MP Front CameraA16 Bionic Chip, 6 Core Processor Processor1 year warranty for phone and 1 year warranty for in Box Accessories."
189,"Apple iPhone 15 (Black, 128 GB)","₹64,999",5,"128 GB ROM15.49 cm (6.1 inch) Super Retina XDR Display48MP + 12MP | 12MP Front CameraA16 Bionic Chip, 6 Core Processor Processor1 year warranty for phone and 1 year warranty for in Box Accessories."
190,"Apple iPhone 15 (Green, 128 GB)","₹64,999",4.6,"128 GB ROM15.49 cm (6.1 inch) Super Retina XDR Display48MP + 12MP | 12MP Front CameraA16 Bionic Chip, 6 Core Processor Processor1 year warranty for phone and 1 year warranty for in Box Accessories."
191,"OnePlus 13 (Black Eclipse, 256 GB)","₹64,999",5,"12 GB RAM | 256 GB ROM17.32 cm (6.82 inch) Quad HD+ Display50MP + 50MP + 50MP | 32MP Front Camera6000 mAh BatterySnapdragon® 8 Elite Processor1 Year Warranty
1 year manufacturer warranty for device and 1 year manufacturer warranty for in-box accessories including batteries from the date of purchase"
192,"Apple iPhone 15 (Blue, 128 GB)","₹64,999",5,"128 GB ROM15.49 cm (6.1 inch) Super Retina XDR Display48MP + 12MP | 12MP Front CameraA16 Bionic Chip, 6 Core Processor Processor1 year warranty for phone and 1 year warranty for in Box Accessories."
193,"Apple iPhone 14 (Starlight, 256 GB)","₹64,999",4.4,"256 GB ROM15.49 cm (6.1 inch) Super Retina XDR Display12MP + 12MP | 12MP Front CameraA15 Bionic Chip, 6 Core Processor Processor1 year warranty for phone and 1 year warranty for in Box Accessories."
194,"OnePlus 13 (Arctic Dawn, 256 GB)","₹64,965",4.5,12 GB RAM | 256 GB ROM17.32 cm (6.82 inch) Display50MP Rear Camera6000 mAh Battery1 year in handset and 6 months in accessories
195,"SAMSUNG Galaxy Z Flip5 (Cream, 512 GB)","₹63,999",4.5,8 GB RAM | 512 GB ROM17.02 cm (6.7 inch) Display12MP + 12MP | 10MP Front Camera3700 mAh BatterySnapdragon 8 Gen 2 Processor1 Year Manufacturer Warranty for Device and 6 Months Manufacturer Warranty for In-Box Accessories
196,"vivo X100 (Stargaze Blue, 256 GB)","₹63,899",4.7,12 GB RAM | 256 GB ROM17.22 cm (6.78 inch) Full HD+ Display50MP + 50MP + 64MP | 32MP Front Camera5000 mAh BatteryDimensity 9300 Processor1 Year Manufacturer Warranty for Device and 6 Months Manufacturer Warranty for Inbox Accessories
197,"OnePlus 12 (Flowy Emerald, 512 GB)","₹60,999",4.7,16 GB RAM | 512 GB ROM17.32 cm (6.82 inch) Display64MP Rear Camera5400 mAh Battery1 Year Brand Warranty
198,"MOTOROLA Razr 50 (Spritz Orange, 256 GB)","₹59,999",4.7,8 GB RAM | 256 GB ROM17.53 cm (6.9 inch) Full HD Display50MP Rear Camera4200 mAh BatteryOcta-core ProcessorBrand warranty of 1 year available for mobile and Six months for Accessories.
199,"realme GT 7 Pro (Galaxy Grey, 512 GB)","₹59,999",4.7,16 GB RAM | 512 GB ROM17.22 cm (6.78 inch) Display50MP Rear Camera5800 mAh Battery1 Year
200,"realme GT 7 Pro (Mars Orange, 512 GB)","₹59,999",4.4,16 GB RAM | 512 GB ROM17.22 cm (6.78 inch) Display50MP Rear Camera5800 mAh Battery1 Year
201,"IQOO 12 (Legend, 256 GB)","₹59,990",4.4,12 GB RAM | 256 GB ROM17.22 cm (6.78 inch) Display50MP Rear Camera5000 mAh Battery1 Year
202,"vivo X90 Pro (Legendary Black, 256 GB)","₹59,980",4.6,12 GB RAM | 256 GB ROM17.22 cm (6.78 inch) Full HD+ Display50MP + 50MP + 12MP | 32MP Front Camera4870 mAh BatteryDimensity 9200 Processor1 Year Handset and 6 Months Accessories
203,"Apple iPhone 16e (Black, 128 GB)","₹59,900",4.3,"128 GB ROM15.49 cm (6.1 inch) Super Retina XDR Display48MP Rear Camera | 12MP Front CameraA18 Chip, 6 Core Processor1 year warranty for phone and 1 year warranty for in Box Accessories."
204,"Apple iPhone 16e (White, 128 GB)","₹59,900",4.6,"128 GB ROM15.49 cm (6.1 inch) Super Retina XDR Display48MP Rear Camera | 12MP Front CameraA18 Chip, 6 Core Processor1 year warranty for phone and 1 year warranty for in Box Accessories."
205,"IQOO 13 5G (Legend, 256 GB)","₹59,899",4.6,12 GB RAM | 256 GB ROM17.32 cm (6.82 inch) Display50MP Rear Camera6000 mAh Battery1 Year
206,"OnePlus 12 (Flowy Emerald, 256 GB)","₹58,998",4.6,12 GB RAM | 256 GB ROM17.32 cm (6.82 inch) Display64MP Rear Camera5400 mAh Battery1 Year Brand Warranty
207,"OnePlus 12 (Glacial White, 256 GB)","₹58,978",4.5,12 GB RAM | 256 GB ROM17.32 cm (6.82 inch) Full HD+ AMOLED Display50MP Rear Camera5400 mAh BatteryQualcomm SM8650-AB Snapdragon 8 Gen 3 (4 nm) Processor1 Year manufacturer warranty for device and 1 year manufacturer warranty for in-box accessories including batteries from the date of purchase
208,"Cubot KingKong X 5G (Black, 256 GB)","₹58,788",4.5,16 GB RAM | 256 GB ROM | Expandable Upto 1 TB16.72 cm (6.583 inch) Full HD+ Display100MP + 32MP + 5MP | 32MP + 32MP Dual Front Camera10200 mAh BatteryMediaTek Dimensity 7050 Processor1 Year Manufacturer
209,"SAMSUNG Galaxy S24+ 5G (Cobalt Violet, 256 GB)","₹56,999",4.5,12 GB RAM | 256 GB ROM17.02 cm (6.7 inch) Quad HD+ Display50MP + 10MP + 12MP | 12MP Front Camera4900 mAh BatteryExynos 2400 Processor1 Year Manufacturer Warranty for Device and 6 Months for In-Box Accessories
210,"MOTOROLA Razr 50 (Beach Sand, 256 GB)","₹56,999",4.6,8 GB RAM | 256 GB ROM17.53 cm (6.9 inch) Full HD Display50MP Rear Camera4200 mAh BatteryOcta-core ProcessorBrand warranty of 1 year available for mobile and Six months for Accessories.
211,"SAMSUNG Galaxy S24+ 5G (Onyx Black, 256 GB)","₹56,999",4.6,12 GB RAM | 256 GB ROM17.02 cm (6.7 inch) Quad HD+ Display50MP + 10MP + 12MP | 12MP Front Camera4900 mAh BatteryExynos 2400 Processor1 Year Manufacturer Warranty for Device and 6 Months for In-Box Accessories
212,"MOTOROLA razr 40 (Sage Green, 256 GB)","₹56,999",4.5,8 GB RAM | 256 GB ROM17.53 cm (6.9 inch) Display64MP Rear Camera4200 mAh BatteryBrand Warranty of 1 Year Available for Mobile and 6 Months for Accessories
213,"SAMSUNG SamsungGalaxyS24 (SAPPHIRE BLUE, 128 GB)","₹55,999",4.6,8 GB RAM | 128 GB ROM | Expandable Upto 0 MB15.75 cm (6.2 inch) Full HD Display50MP + 50MP | 12MP + 12MP Dual Front Camera4000 mAh BatteryEXYNOS 2400 Processor1 year
214,"vivo V40 Pro 5G (Titanium Grey, 512 GB)","₹55,999",4.6,12 GB RAM | 512 GB ROM17.22 cm (6.78 inch) Full HD+ Display50MP + 50MP + 50MP | 50MP Front Camera5500 mAh BatteryDimensity 9200+ Processor1 Year Warranty on Handset and 6 Months Warranty on Accessories
215,"ASUS ROG Phone 5 (Black, 128 GB)","₹55,999",5,8 GB RAM | 128 GB ROM17.22 cm (6.78 inch) Full HD+ Display64MP + 13MP + 5MP | 24MP Front Camera6000 mAh Lithium Polymer BatteryQualcomm Snapdragon 888 (SM8350) ProcessorBrand Warranty of 1 Year
